                  epoch,         train/box_loss,         train/cls_loss,         train/dfl_loss,   metrics/precision(B),      metrics/recall(B),       metrics/mAP50(B),    metrics/mAP50-95(B),           val/box_loss,           val/cls_loss,           val/dfl_loss,                 lr/pg0,                 lr/pg1,                 lr/pg2
                      1,                0.82783,                0.56149,                 1.1421,                0.95704,                0.95935,                0.98703,                0.81576,                0.66066,                0.33056,                 1.0385,             0.00047616,             0.00047616,             0.00047616
                      2,                0.80512,                0.49554,                 1.1237,                0.96081,                0.96016,                0.98767,                0.81819,                0.66112,                0.32948,                 1.0395,              0.0007639,              0.0007639,              0.0007639
                      3,                 0.7961,                0.48703,                 1.1181,                0.95557,                0.96405,                0.98751,                0.82203,                0.65494,                0.32247,                 1.0345,             0.00086301,             0.00086301,             0.00086301
                      4,                0.77515,                0.45954,                 1.1045,                0.96145,                0.96543,                0.98864,                 0.8311,                 0.6419,                0.30611,                 1.0259,             0.00058017,             0.00058017,             0.00058017
